{
    "metadata" :
    {
        "formatVersion" : 3,
        "generatedBy"   : "ParametricParts",
        "vertices"      : 112,
        "faces"         : 224,
        "normals"       : 0,
        "colors"        : 0,
        "uvs"           : 0,
        "materials"     : 1,
        "morphTargets"  : 0
    },

    "scale" : 1.0,

    "materials": [    {
    "DbgColor" : 15658734,
    "DbgIndex" : 0,
    "DbgName" : "Material",
    "colorAmbient" : [0.0, 0.0, 0.0],
    "colorDiffuse" : [0.6078431372549019, 0.30196078431372547, 0.4470588235294118],
    "colorSpecular" : [0.5, 0.5, 0.5],
    "shading" : "Lambert",
    "specularCoef" : 50,
    "transparency" : 1.0,
    "vertexColors" : false
    }],

    "vertices": [-19.049999999999997, -3.5712399999999955, 25.4, -19.049999999999997, 3.5712399999999964, 25.4, -19.049999999999997, 3.5712399999999964, -25.4, -19.049999999999997, -3.5712399999999955, -25.4, -16.27124, 6.349999999999995, 25.4, -16.27124, 6.349999999999995, -25.4, -16.990436009769077, 6.255316049059007, -25.4, -16.990436009769077, 6.255316049059007, 25.4, -17.660619999999998, 5.9777167510200435, 25.4, -17.660619999999998, 5.9777167510200435, -25.4, -18.23612003928993, 5.536120039289927, 25.4, -18.677716751020043, 4.960619999999997, 25.4, -18.23612003928993, 5.536120039289927, -25.4, -18.677716751020043, 4.960619999999997, -25.4, -18.955316049059007, 4.290436009769078, 25.4, -18.955316049059007, 4.290436009769078, -25.4, 16.271240000000002, 6.349999999999997, 25.4, 16.271240000000002, 6.349999999999997, -25.4, 18.95531604905901, 4.290436009769077, 25.4, 19.05, 3.5712399999999964, 25.4, 19.05, 3.5712399999999964, -25.4, 18.95531604905901, 4.290436009769077, -25.4, 18.677716751020046, 4.960619999999996, 25.4, 18.677716751020046, 4.960619999999996, -25.4, 18.23612003928993, 5.536120039289926, 25.4, 17.66062, 5.977716751020043, 25.4, 18.23612003928993, 5.536120039289926, -25.4, 16.99043600976908, 6.255316049059007, 25.4, 17.66062, 5.977716751020043, -25.4, 16.99043600976908, 6.255316049059007, -25.4, 19.049999999999997, -3.5712399999999986, 25.4, 19.049999999999997, -3.5712399999999986, -25.4, 16.27124, -6.349999999999994, 25.4, 16.27124, -6.349999999999994, -25.4, 16.99043600976908, -6.255316049059006, -25.4, 16.99043600976908, -6.255316049059006, 25.4, 17.660619999999998, -5.977716751020043, 25.4, 17.660619999999998, -5.977716751020043, -25.4, 18.23612003928993, -5.536120039289927, 25.4, 18.677716751020046, -4.960619999999997, 25.4, 18.23612003928993, -5.536120039289927, -25.4, 18.677716751020046, -4.960619999999997, -25.4, 18.95531604905901, -4.290436009769079, 25.4, 18.95531604905901, -4.290436009769079, -25.4, -16.27124, -6.349999999999995, 25.4, -16.27124, -6.349999999999995, -25.4, -18.95531604905901, -4.290436009769076, -25.4, -18.95531604905901, -4.290436009769076, 25.4, -18.677716751020046, -4.960619999999994, 25.4, -18.23612003928993, -5.536120039289925, 25.4, -18.677716751020046, -4.960619999999994, -25.4, -17.66062, -5.97771675102004, 25.4, -18.23612003928993, -5.536120039289925, -25.4, -17.66062, -5.97771675102004, -25.4, -16.99043600976908, -6.255316049059005, 25.4, -16.99043600976908, -6.255316049059005, -25.4, -17.399, 3.5712399999999933, -25.4, -17.399, 3.5712399999999933, 25.4, -17.399, -3.5712399999999955, 25.4, -17.399, -3.5712399999999955, -25.4, -16.27124, 4.698999999999995, -25.4, -16.27124, 4.698999999999995, 25.4, -16.563125766304815, 4.660572509855755, 25.4, -16.563125766304815, 4.660572509855755, -25.4, -16.835119999999996, 4.547908809371934, 25.4, -16.835119999999996, 4.547908809371934, -25.4, -17.068686743550938, 4.368686743550937, 25.4, -17.068686743550938, 4.368686743550937, -25.4, -17.24790880937194, 4.135119999999995, -25.4, -17.24790880937194, 4.135119999999995, 25.4, -17.36057250985576, 3.863125766304813, -25.4, -17.36057250985576, 3.863125766304813, 25.4, 16.271240000000002, 4.698999999999996, -25.4, 16.271240000000002, 4.698999999999996, 25.4, 17.360572509855757, 3.863125766304814, -25.4, 17.398999999999997, 3.5712399999999964, -25.4, 17.398999999999997, 3.5712399999999964, 25.4, 17.360572509855757, 3.863125766304814, 25.4, 17.24790880937194, 4.135119999999994, -25.4, 17.24790880937194, 4.135119999999994, 25.4, 17.06868674355094, 4.368686743550935, 25.4, 17.06868674355094, 4.368686743550935, -25.4, 16.835120000000003, 4.547908809371933, 25.4, 16.835120000000003, 4.547908809371933, -25.4, 16.56312576630482, 4.660572509855754, -25.4, 16.56312576630482, 4.660572509855754, 25.4, 17.399, -3.5712399999999955, -25.4, 17.399, -3.5712399999999955, 25.4, 16.56312576630482, -4.660572509855755, -25.4, 16.27124, -4.698999999999995, -25.4, 16.27124, -4.698999999999995, 25.4, 16.56312576630482, -4.660572509855755, 25.4, 16.83512, -4.5479088093719335, -25.4, 16.83512, -4.5479088093719335, 25.4, 17.06868674355094, -4.368686743550936, -25.4, 17.06868674355094, -4.368686743550936, 25.4, 17.24790880937194, -4.135119999999995, -25.4, 17.24790880937194, -4.135119999999995, 25.4, 17.36057250985576, -3.863125766304814, -25.4, 17.36057250985576, -3.863125766304814, 25.4, -16.27124, -4.698999999999995, -25.4, -16.27124, -4.698999999999995, 25.4, -17.36057250985576, -3.863125766304814, -25.4, -17.36057250985576, -3.863125766304814, 25.4, -17.24790880937194, -4.135119999999995, -25.4, -17.24790880937194, -4.135119999999995, 25.4, -17.06868674355094, -4.368686743550936, -25.4, -17.06868674355094, -4.368686743550936, 25.4, -16.83512, -4.5479088093719335, 25.4, -16.83512, -4.5479088093719335, -25.4, -16.56312576630482, -4.660572509855755, -25.4, -16.56312576630482, -4.660572509855755, 25.4],

    "morphTargets": [],

    "normals": [],

    "colors": [],

    "uvs": [[]],