{
    "metadata" :
    {
        "formatVersion" : 3,
        "generatedBy"   : "ParametricParts",
        "vertices"      : 230,
        "faces"         : 468,
        "normals"       : 0,
        "colors"        : 0,
        "uvs"           : 0,
        "materials"     : 1,
        "morphTargets"  : 0
    },

    "scale" : 1.0,

    "materials": [    {
    "DbgColor" : 15658734,
    "DbgIndex" : 0,
    "DbgName" : "Material",
    "colorAmbient" : [0.0, 0.0, 0.0],
    "colorDiffuse" : [0.5176470588235295, 0.6392156862745098, 0.47843137254901963],
    "colorSpecular" : [0.5, 0.5, 0.5],
    "shading" : "Lambert",
    "specularCoef" : 50,
    "transparency" : 1.0,
    "vertexColors" : false
    }],

    "vertices": [10.864465365196393, -9.440615308804878, 25.4, 10.2235, -9.524999999999999, -25.4, 10.864465365196393, -9.440615308804878, -25.4, 11.46175, -9.193211912472162, -25.4, 10.2235, -9.524999999999999, 25.4, 11.46175, -9.193211912472162, 25.4, 11.974649943608485, -8.799649943608486, -25.4, 11.974649943608485, -8.799649943608486, 25.4, 12.368211912472162, -8.286750000000001, -25.4, 12.368211912472162, -8.286750000000001, 25.4, 12.615615308804877, -7.689465365196393, 25.4, 12.615615308804877, -7.689465365196393, -25.4, 12.7, -7.048500000000001, 25.4, 12.7, -7.048500000000001, -25.4, 10.807216647869495, -7.6322166478694955, -25.4, 10.63625, -7.763403970824055, -25.4, 10.938403970824053, -7.461250000000001, -25.4, 10.43715512173213, -7.845871769601627, -25.4, 11.020871769601625, -7.262155121732132, -25.4, 10.2235, -7.8740000000000006, -25.4, 10.16, -9.524999999999999, -25.4, 11.049000000000001, -7.048500000000001, -25.4, 10.16, -7.874, -25.4, 11.049000000000001, 7.048500000000001, -25.4, 12.7, 7.048500000000001, -25.4, 12.615615308804877, 7.689465365196394, -25.4, 11.020871769601625, 7.262155121732132, -25.4, 10.938403970824053, 7.461250000000001, -25.4, 12.368211912472162, 8.286750000000001, -25.4, 10.807216647869495, 7.6322166478694955, -25.4, 11.974649943608485, 8.799649943608486, -25.4, 10.63625, 7.763403970824055, -25.4, 11.46175, 9.193211912472162, -25.4, 10.43715512173213, 7.845871769601627, -25.4, 10.864465365196395, 9.440615308804878, -25.4, 10.2235, 7.8740000000000006, -25.4, 10.2235, 9.524999999999999, -25.4, 10.16, 9.524999999999999, -25.4, 10.16, 7.874, -25.4, 12.7, 7.048500000000001, 25.4, 10.807216647869495, -7.6322166478694955, 25.4, 10.938403970824053, -7.461250000000001, 25.4, 10.63625, -7.763403970824055, 25.4, 11.020871769601625, -7.262155121732132, 25.4, 10.43715512173213, -7.845871769601627, 25.4, 11.049000000000001, -7.048500000000001, 25.4, 10.2235, -7.8740000000000006, 25.4, 0.0, -9.524999999999999, 25.4, 0.0, -7.8740000000000006, 25.4, 11.049000000000001, 7.048500000000001, 25.4, 12.615615308804877, 7.689465365196394, 25.4, 12.368211912472162, 8.286750000000001, 25.4, 11.020871769601625, 7.262155121732132, 25.4, 10.938403970824053, 7.461250000000001, 25.4, 11.974649943608485, 8.799649943608486, 25.4, 10.807216647869495, 7.6322166478694955, 25.4, 10.63625, 7.763403970824055, 25.4, 11.46175, 9.193211912472162, 25.4, 10.43715512173213, 7.845871769601627, 25.4, 10.864465365196395, 9.440615308804878, 25.4, 10.2235, 7.8740000000000006, 25.4, 10.2235, 9.524999999999999, 25.4, 0.0, 7.874, 25.4, 0.0, 9.524999999999999, 25.4, 0.0, 9.524999999999999, -31.75, -10.16, 9.524999999999999, -27.94, -10.16, 9.524999999999999, -25.4, -8.064499999999999, 9.524999999999999, -20.9804, -10.2235, 9.524999999999999, -25.4, -8.064499999999999, 9.524999999999999, -17.1196, -10.223499999999726, 9.524999999999999, -12.362096098108028, -8.986054130406014, 9.524999999999999, -12.029462427485257, -4.762499999999999, 9.524999999999999, -15.087599999999998, -4.762499999999999, 9.524999999999999, -17.1196, -7.781765788507013, 9.524999999999999, -11.591733026402053, -6.619542560404174, 9.524999999999999, -11.052145584864785, -5.507980895231217, 9.524999999999999, -10.41469119157501, 10.16, 9.524999999999999, -27.94, -4.455302521037096, 9.524999999999999, -9.684084813618636, 8.064499999999999, 9.524999999999999, -20.9804, -3.469293632314491, 9.524999999999999, -8.86573042194805, 4.762499999999999, 9.524999999999999, -15.087599999999998, -2.5572472989766, 9.524999999999999, -7.96568102060865, 8.064499999999999, 9.524999999999999, -17.1196, 4.762499999999999, 9.524999999999999, -17.1196, -1.7259095227574637, 9.524999999999999, -6.990593875355706, -0.9814293400327081, 9.524999999999999, -5.947681272815768, -0.3293133401279462, 9.524999999999999, -4.8446571744050715, 0.22561506447726032, 9.524999999999999, -3.6896801595823403, 0.6792513147896972, 9.524999999999999, -2.491293080459328, 1.02824006490272, 9.524999999999999, -1.2583598741172062, 1.2699999999999978, 9.524999999999999, 3.5249580940188006e-16, 3.8099999999999996, 9.524999999999999, 21.2725, 0.0, 9.524999999999999, 21.59, 10.16, 7.874, -27.94, 8.064499999999999, 7.874, -17.1196, 0.0, 7.874, -31.75, 8.064499999999999, 7.874, -20.9804, -8.064499999999999, 7.874, -20.9804, 0.0, 7.874, 21.59, 3.8099999999999996, 7.874, 21.2725, 1.2699999999999978, 7.874, 3.5249580940188006e-16, -8.986054130406277, 7.874, -12.029462427485342, -10.2235, 7.8740000000000006, -12.362096098108147, -8.064499999999999, 7.874, -17.1196, -3.469293632314619, 7.874, -8.865730421948165, -4.4553025210372486, 7.874, -9.68408481361875, -4.762499999999999, 7.874, -15.087599999999998, -5.507980895231397, 7.874, -10.414691191575123, -6.61954256040438, 7.874, -11.052145584864892, -7.781765788507245, 7.874, -11.591733026402146, -4.762499999999999, 7.874, -17.1196, -10.2235, 7.8740000000000006, -25.4, -10.16, 7.874, -25.4, 0.6792513147896848, 7.874, -2.491293080459368, 0.22561506447723545, 7.874, -3.689680159582398, 4.762499999999999, 7.874, -15.087599999999998, -0.3293133401279871, 7.874, -4.844657174405147, -0.9814293400327685, 7.874, -5.9476812728158555, -1.7259095227575418, 7.874, -6.990593875355807, -2.5572472989766997, 7.874, -7.9656810206087565, 1.0282400649027146, 7.874, -1.258359874117227, 4.762499999999999, 7.874, -17.1196, -10.16, 7.874, -27.94, 10.16, -7.874, -27.94, 10.16, -9.524999999999999, -27.94, -10.2235, -7.8740000000000006, -25.4, -10.16, -9.524999999999999, -25.4, -10.2235, -9.524999999999999, -25.4, -10.16, -7.874, -25.4, -10.43715512173213, -7.845871769601627, -25.4, -10.864465365196391, -9.440615308804878, -25.4, -10.63625, -7.763403970824055, -25.4, -11.461749999999999, -9.193211912472163, -25.4, -11.974649943608485, -8.799649943608486, -25.4, -10.807216647869495, -7.6322166478694955, -25.4, -12.368211912472162, -8.286750000000001, -25.4, -10.938403970824053, -7.461250000000001, -25.4, -12.615615308804877, -7.689465365196394, -25.4, -11.020871769601625, -7.262155121732132, -25.4, -11.049000000000001, -7.048500000000001, -25.4, -12.7, -7.048500000000001, -25.4, -10.43715512173213, 7.845871769601627, -25.4, -12.7, 7.048500000000001, -25.4, -11.049000000000001, 7.048500000000001, -25.4, -10.864465365196393, 9.440615308804878, -25.4, -12.615615308804877, 7.689465365196395, -25.4, -10.938403970824053, 7.461250000000001, -25.4, -11.020871769601625, 7.262155121732132, -25.4, -11.461749999999999, 9.193211912472163, -25.4, -10.63625, 7.763403970824054, -25.4, -12.368211912472162, 8.286750000000001, -25.4, -10.807216647869495, 7.6322166478694955, -25.4, -11.974649943608483, 8.799649943608486, -25.4, 0.0, -9.524999999999999, 21.59, 0.0, -7.8740000000000006, 21.59, 3.8099999999999996, -9.524999999999999, 21.2725, 3.8099999999999996, -7.8740000000000006, 21.2725, 1.2699999999999978, -9.524999999999999, 3.5249580940188006e-16, 1.2699999999999978, -7.8740000000000006, 3.5249580940188006e-16, -11.772214460916345, -8.9809946954938, -12.622931369900364, -11.049000000000001, -7.048500000000001, -12.522022816889695, -12.171707191578433, -8.577401888287516, -12.66327652246306, -5.507980895231397, -9.524999999999999, -10.414691191575123, -4.4553025210372486, -9.524999999999999, -9.68408481361875, -5.507980895231397, -7.8740000000000006, 